CRUISE,CTD_INDEX,CTD_DEPTH,Temperature,Salinity,Density,Chlorophyll,Oxygen,station
2103,113,6,10.53339958,33.78820038,25.9144001,1.692320108,5.217999935,MON
2103,113,8,10.5323,33.78839874,25.91480064,1.647142291,5.215000153,MON
2103,113,10,10.52929974,33.78889847,25.91580009,1.770811677,5.206999779,MON
2103,113,12,10.53219986,33.78850174,25.91489983,1.717570901,5.218999863,MON
2103,113,14,10.53369999,33.78829956,25.91449928,1.658368945,5.22300005,MON
2103,113,16,10.53380013,33.78829956,25.91460037,1.674686074,5.224999905,MON
2103,113,18,10.5340004,33.78820038,25.91460037,1.739083767,5.214000225,MON
2103,113,20,10.53470039,33.7881012,25.9144001,1.610335231,5.217000008,MON
2103,113,22,10.53479958,33.7881012,25.9144001,1.700833082,5.21999979,MON
2103,113,24,10.53310013,33.78850174,25.9151001,1.640404224,5.195000172,MON
2103,113,26,10.5230999,33.79040146,25.91830063,1.649746537,5.177000046,MON
2103,113,28,10.52439976,33.7901001,25.91790009,1.568209171,5.160999775,MON
2103,113,30,10.52250004,33.79069901,25.91869926,1.603568435,5.169000149,MON
2103,113,32,10.52219963,33.79069901,25.91889954,1.576882958,5.150000095,MON
2103,113,34,10.48709965,33.79589844,25.92910004,1.535463572,5.034999847,MON
2103,113,36,10.41909981,33.80479813,25.94779968,1.360778809,4.889999866,MON
2103,113,38,10.35859966,33.80950165,25.96190071,1.175065756,4.769000053,MON
2103,113,40,10.31610012,33.8117981,25.97109985,1.090632915,4.677000046,MON
2103,113,42,10.25619984,33.81230164,25.98180008,1.117378235,4.553999901,MON
2103,113,44,10.20460033,33.81299973,25.99119949,1.072598815,4.406000137,MON
2103,113,46,10.03919983,33.81750107,26.02289963,0.757545471,4.052000046,MON
2103,113,48,9.848600388,33.83000183,26.06469917,0.542119384,3.664999962,MON
2103,113,50,9.596899986,33.86259842,26.13199997,0.329995722,3.2300000190000002,MON
2103,113,52,9.385399818,33.90800095,26.20210075,0,3.0199999809999998,MON
2103,113,54,9.322600365,33.92509842,26.22570038,0,2.95600009,MON
2103,113,56,9.28880024,33.93460083,26.23859978,0,2.934000015,MON
2103,113,58,9.27519989,33.94060135,26.24550056,0,2.950999975,MON
2103,113,60,9.256999969,33.9455986,26.25239944,0,2.96600008,MON
2103,113,62,9.205699921,33.95510101,26.26810074,0,2.967999935,MON
2103,113,64,9.189200401,33.9571991,26.27249908,0,2.953999996,MON
2103,113,66,9.184000015,33.95809937,26.27400017,0,2.938999891,MON
2103,113,68,9.159399986,33.96239853,26.28129959,0,2.913000107,MON
2103,113,70,9.145299911,33.96429825,26.28520012,0,2.898999929,MON
2103,113,72,9.13160038,33.96630096,26.28890038,0,2.878999949,MON
2103,113,74,9.119000435,33.96839905,26.29260063,0,2.8550000190000002,MON
2103,113,76,9.097800255,33.97219849,26.29910088,0,2.816999912,MON
2103,113,78,9.059900284,33.97869873,26.31019974,0,2.736000061,MON
2103,113,80,9.045599937,33.98109818,26.31439972,0,2.721999884,MON
2103,113,82,9.041500092,33.98189926,26.31570053,0,2.709000111,MON
2103,113,84,9.036000252,33.98289871,26.31739998,0,2.697000027,MON
2103,113,86,9.031299591,33.98389816,26.31900024,0,2.676000118,MON
2103,113,88,9.017999649,33.9864006,26.32299995,0,2.622999907,MON
2103,113,90,8.998100281,33.99100113,26.329799650000002,0,2.58100009,MON
2103,113,92,8.980799675,33.99570084,26.3362999,0,2.522000074,MON
2103,113,94,8.975799561,33.99729919,26.33839989,0,2.503999949,MON
2103,113,96,8.975700378,33.99750137,26.33860016,0,2.507999897,MON
2103,113,98,8.974399567,33.99819946,26.33939934,0,2.489000082,MON
2103,113,100,8.971300125,33.99959946,26.3409996,0,2.470000029,MON
2103,113,102,8.967100143,34.00099945,26.34280014,0,2.457999945,MON
2103,113,104,8.960599899,34.00270081,26.34519958,0,2.428999901,MON
2103,113,106,8.953900337,34.00439835,26.34760094,0,2.407000065,MON
2103,113,108,8.953100204,34.00510025,26.34830093,0,2.404000044,MON
2103,113,110,8.951100349,34.00540161,26.34889984,0,2.38499999,MON
2103,113,112,8.939299583,34.00910187,26.35370064,0,2.315999985,MON
2103,113,114,8.921699524,34.01350021,26.36000061,0,2.298000097,MON
2103,116,4,11.07989979,33.83769989,25.85619926,0.634402871,5.362999916,MON
2103,116,6,10.97060013,33.84170151,25.87890053,0.855400622,5.368999958,MON
2103,116,8,10.91149998,33.84289932,25.89039993,1.060916543,5.320000172,MON
2103,116,10,10.88619995,33.84370041,25.89570045,1.371841908,5.302999973,MON
2103,116,12,10.87100029,33.84389877,25.89850044,1.813109756,5.288000107,MON
2103,116,14,10.85700035,33.84389877,25.90099907,2.165870905,5.249000072,MON
2103,116,16,10.78310013,33.83750153,25.90920067,2.119514465,5.171999931,MON
2103,116,18,10.71409988,33.83349991,25.91830063,1.95767653,5.098999977,MON
2103,116,20,10.67870045,33.83250046,25.92379951,1.819756031,5.017000198,MON
2103,116,22,10.62520027,33.83449936,25.93479919,1.63280952,4.868000031,MON
2103,116,24,10.57470036,33.83760071,25.94610023,1.737471461,4.821000099,MON
2103,116,26,10.55799961,33.83810043,25.94939995,1.451025963,4.688000202,MON
2103,116,28,10.25339985,33.83580017,26.00020027,1.399296641,4.125,MON
2103,116,30,9.907799721,33.82770157,26.05270004,0.923332572,3.854000092,MON
2103,116,32,9.842200279,33.82759857,26.06360054,0.593216002,3.770999908,MON
2103,116,34,9.760100365,33.83160019,26.08040047,0.525810063,3.638000011,MON
2103,116,36,9.608699799,33.84540176,26.11630058,0.399276882,3.515000105,MON
2103,116,38,9.576499939,33.84989929,26.12520027,0.358782679,3.457000017,MON
2103,116,40,9.514699936,33.86560059,26.14760017,0.326322973,3.371000051,MON
2103,116,42,9.481200218,33.87739944,26.16239929,0.268229902,3.3099999429999998,MON
2103,116,44,9.46020031,33.8830986,26.17029953,0.246379763,3.232000113,MON
2103,116,46,9.427100182,33.89080048,26.18180084,0.162912309,3.167999983,MON
2103,116,48,9.401599884,33.89350128,26.18799973,0.102641135,3.138000011,MON
2103,116,50,9.382399559,33.89659882,26.1935997,0.130510792,3.102999926,MON
2103,116,52,9.333999634,33.91040039,26.21229935,0.149434626,3.048000097,MON
2103,116,54,9.325300217,33.91320038,26.2159996,0.06614989,3.032999992,MON
2103,116,56,9.311499596,33.91839981,26.22220039,0.066368565,2.99000001,MON
2103,116,58,9.296999931,33.92490005,26.22970009,0.017851513,2.911000013,MON
2103,116,60,9.264300346,33.93880081,26.2458992,0,2.823999882,MON
2103,116,62,9.246999741,33.94279861,26.25189972,0,2.799000025,MON
2103,116,64,9.229499817,33.94720078,26.25819969,0,2.773000002,MON
2103,116,66,9.217599869,33.95050049,26.26269913,0,2.753000021,MON
2103,116,68,9.176400185,33.95759964,26.27490044,0,2.680999994,MON
2103,116,70,9.116499901,33.96480179,26.29019928,0,2.631000042,MON
2103,116,72,9.095899582,33.96770096,26.29579926,0,2.608999968,MON
2103,116,74,9.098500252,33.96910095,26.29649925,0,2.609999895,MON
2103,116,76,9.098199844,33.9695015,26.2968998,0,2.595000029,MON
2103,116,78,9.098099709,33.96960068,26.29700089,0,2.595999956,MON
2103,116,80,9.094599724,33.96920013,26.29730034,0,2.594000101,MON
2103,116,82,9.08010006,33.96920013,26.2996006,0,2.576999903,MON
2103,116,84,9.066100121,33.97430038,26.30590057,0,2.538000107,MON
2103,116,86,9.035699844,33.98270035,26.3173008,0,2.493999958,MON
2103,116,88,8.995499611,33.98809814,26.32789993,0,2.45600009,MON
2103,116,90,8.96269989,33.99280167,26.33690071,0,2.424000025,MON
2103,116,92,8.961099625,33.99340057,26.33760071,0,2.417999983,MON
2103,116,94,8.961799622,33.99340057,26.33749962,0,2.417000055,MON
2103,116,96,8.96020031,33.9939003,26.33819962,0,2.3949999809999998,MON
2103,116,98,8.928099632,33.99760056,26.34630013,0,2.380000114,MON
2103,116,100,8.894800186,34.00139999,26.35440063,0,2.34800005,MON
2103,116,102,8.835800171,34.00889969,26.3696003,0,2.299999952,MON
2103,116,104,8.797400475,34.01139832,26.37770081,0,2.272000074,MON
2103,116,106,8.734000206,34.01819992,26.39290047,0,2.24000001,MON
2103,116,108,8.655900002,34.02180099,26.40789986,0,2.230999947,MON
2103,116,110,8.638299942,34.02299881,26.41160011,0,2.220999956,MON
2103,116,112,8.619700432,34.02550125,26.41650009,0,2.190999985,MON
2103,116,114,8.594200134,34.02899933,26.42320061,0,2.167000055,MON
2103,114,4,10.96109962,33.8608017,25.89539909,1.422406435,5.139999866,MON
2103,114,6,10.96510029,33.86090088,25.89489937,1.282649994,5.171999931,MON
2103,114,8,10.96350002,33.86100006,25.89529991,1.196963668,5.165999889,MON
2103,114,10,10.96879959,33.86109924,25.89439964,1.41846478,5.160999775,MON
2103,114,12,10.97949982,33.86130142,25.8927002,1.389681935,5.165999889,MON
2103,114,14,10.98589993,33.86100006,25.89139938,1.39773941,5.172999859,MON
2103,114,16,10.98869991,33.86109924,25.89100075,1.537874699,5.186999798,MON
2103,114,18,10.95820045,33.8606987,25.89620018,1.863666177,5.129000187,MON
2103,114,20,10.85960007,33.86019897,25.91340065,2.016183853,4.940999985,MON
2103,114,22,10.65200043,33.86119843,25.95079994,1.844523191,4.592000008,MON
2103,114,24,10.19550037,33.86299896,26.03129959,1.302579284,4.0399999619999996,MON
2103,114,26,9.99090004,33.86009979,26.06389999,1.06581378,3.773000002,MON
2103,114,28,9.719599724,33.86959839,26.11660004,0.644158304,3.334000111,MON
2103,114,30,9.41779995,33.90269852,26.1923008,0.223988935,3.035000086,MON
2103,114,32,9.363300323,33.90829849,26.20560074,0.198067725,2.953999996,MON
2103,114,34,9.324799538,33.91770172,26.21920013,0.169641539,2.892999887,MON
2103,114,36,9.286899567,33.92890167,26.23410034,0.201320589,2.84100008,MON
2103,114,38,9.251999855,33.9355011,26.24489975,0.204392061,2.782999992,MON
2103,114,40,9.229399681,33.93999863,26.25209999,0.217790946,2.752000093,MON
2103,114,42,9.219799995,33.94210052,26.2553997,0.187213048,2.723999977,MON
2103,114,44,9.186699867,33.94739914,26.26479912,0.166891485,2.667999983,MON
2103,114,46,9.159000397,33.95130157,26.2723999,0.130046934,2.625999928,MON
2103,114,48,9.138299942,33.95399857,26.27779961,0.107991278,2.598999977,MON
2103,114,50,9.132599831,33.95510101,26.27960014,0.044908047,2.556999922,MON
2103,114,52,9.105699539,33.95840073,26.28660011,0.027909387,2.473999977,MON
2103,114,54,9.083100319,33.9618988,26.29290009,4.19202e-4,2.45600009,MON
2103,114,56,9.074999809,33.96340179,26.29540062,0.003695166,2.441999912,MON
2103,114,58,9.022800446,33.97240067,26.31089973,0,2.414000034,MON
2103,114,60,8.956500053,33.98180008,26.32869911,0,2.346999884,MON
2103,114,62,8.900500298,33.99039841,26.34429932,0,2.289999962,MON
2103,114,64,8.88809967,33.99240112,26.34790039,0,2.285000086,MON
2103,114,66,8.859499931,33.99610138,26.3553009,0,2.246000051,MON
2103,212,6,11.76690006,33.61740112,25.5590992,1.032721043,5.949999809,MON
2103,212,8,11.76690006,33.61740112,25.55920029,1.070088029,5.9600000380000004,MON
2103,212,10,11.76029968,33.61809921,25.56110001,1.337448001,5.93900013,MON
2103,212,12,11.75829983,33.61859894,25.5618,1.382802963,5.940000057,MON
2103,212,14,11.76179981,33.61830139,25.56100082,1.493278027,5.931000233,MON
2103,212,16,11.76000023,33.61849976,25.56150055,1.508831024,5.943999767,MON
2103,212,18,11.75909996,33.61869812,25.56189919,1.517434001,5.956999779,MON
2103,212,20,11.75710011,33.61899948,25.56259918,1.536960959,5.954999924,MON
2103,212,22,11.75959969,33.61869812,25.56189919,1.487589955,5.933000088,MON
2103,212,24,11.75889969,33.61880112,25.56220055,1.502828002,5.946000099,MON
2103,212,26,11.74979973,33.62030029,25.56509972,1.462491035,5.938000202,MON
2103,212,28,11.74549961,33.62099838,25.56649971,1.446684003,5.929999828,MON
2103,212,30,11.72970009,33.62360001,25.57150078,1.486629009,5.933000088,MON
2103,212,32,11.73040009,33.62379837,25.57150078,1.413321018,5.93200016,MON
2103,212,34,11.72599983,33.62440109,25.57290077,1.470497012,5.934000015,MON
2103,212,36,11.71580029,33.62609863,25.5760994,1.556442022,5.921999931,MON
2103,212,38,11.70699978,33.62749863,25.57889938,1.611487031,5.921000004,MON
2103,212,40,11.68939972,33.62950134,25.58370018,1.578263044,5.890999794,MON
2103,212,42,11.6559,33.62829971,25.58909988,1.583606958,5.887000084,MON
2103,212,44,11.64000034,33.6269989,25.59110069,1.569399953,5.855999947,MON
2103,212,46,11.61100006,33.62469864,25.59469986,1.483639956,5.839000225,MON
2103,212,48,11.60029984,33.62390137,25.59600067,1.478399038,5.818999767,MON
2103,212,50,11.56809998,33.62170029,25.60040092,1.374042988,5.777999878,MON
2103,212,52,11.47700024,33.61309814,25.61039925,1.202654004,5.686999798,MON
2103,212,54,11.28129959,33.59249878,25.63019943,0.984850526,5.379000187,MON
2103,212,56,10.88539982,33.53020096,25.65250015,0.648008525,5.096000195,MON
2103,212,58,10.73700047,33.5121994,25.66480064,0.135555297,5.039000034,MON
2103,212,60,10.65999985,33.52389908,25.68740082,0.006189211,4.84499979,MON
2103,212,62,10.42459965,33.54840088,25.74740028,0,4.831999779,MON
2103,212,64,10.47609997,33.63809967,25.80850029,0,4.934000015,MON
2103,212,66,10.41079998,33.67610168,25.84950066,0,4.866000175,MON
2103,212,68,10.30720043,33.69340134,25.88080025,0,4.850999832,MON
2103,212,70,10.29230022,33.69260025,25.88279915,0,4.762000084,MON
2103,212,72,10.21459961,33.68989944,25.8939991,0,4.550000191,MON
2103,212,74,10.16049957,33.69010162,25.90340042,0,4.423999786,MON
2103,212,76,10.07129955,33.69630051,25.92340088,0,4.184000015,MON
2103,212,78,9.961899757,33.70209885,25.94639969,0,3.9749999049999998,MON
2103,212,80,9.879899979,33.70769882,25.96459961,0,3.802999973,MON
2103,212,82,9.831199646,33.7181015,25.98089981,0,3.713999987,MON
2103,212,84,9.789099693,33.72650146,25.99440002,0,3.588999987,MON
2103,212,86,9.674500465,33.74909973,26.03120041,0,3.298000097,MON
2103,212,88,9.449299812,33.77170181,26.08580017,0,3.072999954,MON
2103,212,90,9.390399933,33.78749847,26.107700349999998,0,3.017999887,MON
2103,212,92,9.337900162,33.80139923,26.12709999,0,2.927999973,MON
2103,212,94,9.334300041,33.82239914,26.14410019,0,2.798000097,MON
2103,212,96,9.340200424,33.87379837,26.1833992,0,2.628999949,MON
2103,212,98,9.359499931,33.90409851,26.20400047,0,2.500999928,MON
2103,212,100,9.349399567,33.91759872,26.21629906,0,2.431999922,MON
2103,212,102,9.330900192,33.92720032,26.22680092,0,2.39199996,MON
2103,212,104,9.297499657,33.93439865,26.23789978,0,2.368000031,MON
2103,212,106,9.205800056,33.9382019,26.25559998,0,2.500999928,MON
2103,212,108,9.023300171,33.9197998,26.27039909,0,2.717999935,MON
2103,212,110,9.034500122,33.92760086,26.27479935,0,2.625999928,MON
2103,212,112,9.075900078,33.9516983,26.28709984,0,2.493000031,MON
2103,212,114,8.998100281,33.94260025,26.29240036,0,2.647000074,MON
2103,211,6,11.1882,33.72129822,25.74609947,1.607481956,5.781000137,MON
2103,211,8,11.18809986,33.72159958,25.74640083,1.530966997,5.781000137,MON
2103,211,10,11.18859959,33.7215004,25.74629974,1.69055903,5.777999878,MON
2103,211,12,11.18900013,33.7215004,25.74620056,1.835275054,5.78000021,MON
2103,211,14,11.1875,33.72140121,25.74650002,2.042817116,5.758999825,MON
2103,211,16,11.18089962,33.72129822,25.74769974,3.032100916,5.764999866,MON
2103,211,18,11.16349983,33.72290039,25.75209999,3.122484922,5.761000156,MON
2103,211,20,11.15019989,33.72460175,25.75580025,3.38200593,5.739999771,MON
2103,211,22,11.14610004,33.72539902,25.75729942,3.575685978,5.729000092,MON
2103,211,24,11.1395998,33.72679901,25.75959969,3.805694103,5.728000164,MON
2103,211,26,11.13780022,33.72740173,25.76040077,3.548293114,5.709000111,MON
2103,211,28,11.13589954,33.72800064,25.76129913,3.36204505,5.705999851,MON
2103,211,30,11.13210011,33.72909927,25.76280022,3.037414074,5.652999878,MON
2103,211,32,11.08069992,33.72930145,25.77230072,2.883089066,5.56799984,MON
2103,211,34,10.96860027,33.72710037,25.79059982,2.938736916,5.1649999619999996,MON
2103,211,36,10.67259979,33.73059845,25.84569931,1.995919943,4.824999809,MON
2103,211,38,10.4357996,33.73920059,25.89380074,0.883863628,4.68900013,MON
2103,211,40,10.4076004,33.74689865,25.90469933,0.549501479,4.65899992,MON
2103,211,42,10.39410019,33.75400162,25.91259956,0.522745192,4.604000092,MON
2103,211,44,10.3263998,33.77510071,25.94079971,0.584968984,4.504000187,MON
2103,211,46,10.27270031,33.78580093,25.95840073,0.62761271,4.448999882,MON
2103,211,48,10.24919987,33.79240036,25.96759987,0.580334783,4.441999912,MON
2103,211,50,10.23999977,33.79859924,25.97400093,0.68387121,4.413000107,MON
2103,211,52,10.21949959,33.80339813,25.98139954,0.520889401,4.373000145,MON
2103,211,54,10.20689964,33.80609894,25.98559952,0.436840206,4.34499979,MON
2103,211,56,10.18490028,33.80939865,25.99200058,0.493617892,4.309999943,MON
2103,211,58,10.14389992,33.81600189,26.00419998,0.522296071,4.168000221,MON
2103,211,60,10.0461998,33.83179855,26.03310013,0.381465405,4.052999973,MON
2103,211,62,9.988300323,33.83929825,26.04879951,0.275949806,4.008999825,MON
2103,211,64,9.971599579,33.84120178,26.05310059,0.246247903,3.989000082,MON
2103,211,66,9.937000275,33.84479904,26.0618,0.320629895,3.907000065,MON
2103,211,68,9.858499527,33.85739899,26.08480072,0.194128096,3.812999964,MON
2103,211,70,9.827599525,33.86449814,26.09550095,0.141122103,3.7750000950000002,MON
2103,211,72,9.776800156,33.87110138,26.10930061,0.086702712,3.648000002,MON
2103,211,74,9.719900131,33.87649918,26.12299919,0.076722242,3.50999999,MON
2103,211,76,9.648599625,33.88439941,26.14100075,0.08213111,3.339999914,MON
2103,211,78,9.597399712,33.89210129,26.15550041,0.060122509,3.253999949,MON
2103,211,80,9.571000099,33.89659882,26.16340065,0.008398615,3.226000071,MON
2103,211,82,9.555399895,33.8987999,26.16769981,0.030901071,3.165999889,MON
2103,211,84,9.503399849,33.90330124,26.17970085,0.003807291,3.0599999429999998,MON
2103,211,86,9.441100121,33.89810181,26.18589973,0,2.982000113,MON
2103,211,88,9.394200325,33.89049911,26.18759918,0,2.936000109,MON
2103,211,90,9.375200272,33.8871994,26.1882,0,2.917999983,MON
2103,211,92,9.335300446,33.88470078,26.19269943,0,2.867000103,MON
2103,211,94,9.25249958,33.8905983,26.21069908,0,2.798000097,MON
2103,211,96,9.231399536,33.89459991,26.21730042,0,2.78399992,MON
2103,211,98,9.223799706,33.89680099,26.22019958,0,2.778000116,MON
2103,211,100,9.213700294,33.89989853,26.22439957,0,2.752000093,MON
2103,211,102,9.207500458,33.90179825,26.2269001,0,2.747999907,MON
2103,211,104,9.203700066,33.90309906,26.22850037,0,2.742000103,MON
2103,211,106,9.19960022,33.90439987,26.23019981,0,2.710000038,MON
2103,211,108,9.122400284,33.92490005,26.25860023,0,2.635999918,MON
2103,211,110,9.052000046,33.94400024,26.28479958,0,2.619999886,MON
2103,211,112,9.040200233,33.94649887,26.2887001,0,2.611999989,MON
2103,211,114,9.010000229,33.95460129,26.29990005,0,2.588000059,MON
2103,110,6,12.02210045,33.5890007,25.48929977,0.443437606,5.960999966,MON
2103,110,8,12.02210045,33.58890152,25.48920059,0.417367488,5.949999809,MON
2103,110,10,12.02250004,33.58909988,25.48929977,0.420275897,5.956999779,MON
2103,110,12,12.02099991,33.58969879,25.49010086,0.441173196,5.953000069,MON
2103,110,14,12.01879978,33.59009933,25.49099922,0.531011879,5.962999821,MON
2103,110,16,12.01850033,33.58959961,25.49069977,0.605416417,5.954999924,MON
2103,110,18,12.01830006,33.58969879,25.49080086,0.638477325,5.954999924,MON
2103,110,20,12.01819992,33.58940125,25.49069977,0.846789479,5.948999882,MON
2103,110,22,12.01720047,33.590400699999996,25.49160004,0.756910205,5.953999996,MON
2103,110,24,12.01720047,33.59049988,25.49180031,0.837114394,5.938000202,MON
2103,110,26,12.01900005,33.59019852,25.49130058,0.714995384,5.955999851,MON
2103,110,28,12.01920033,33.59180069,25.49250031,0.713710487,5.93900013,MON
2103,110,30,12.00599957,33.59180069,25.49510002,0.735312283,5.940999985,MON
2103,110,32,12.00150013,33.59149933,25.49570084,0.681111693,5.921000004,MON
2103,110,34,11.97189999,33.58969879,25.5,0.690900981,5.847000122,MON
2103,110,36,11.75039959,33.58769989,25.53980064,0.73328042,5.68200016,MON
2103,110,38,11.36499977,33.61330032,25.63069916,0.554445982,5.587999821,MON
2103,110,40,11.1789999,33.63349915,25.68020058,0.372181594,5.521999836,MON
2103,110,42,11.07229996,33.6413002,25.70549965,0.229250103,5.440000057,MON
2103,110,44,10.93229961,33.65390015,25.74029922,0.223450407,5.40199995,MON
2103,110,46,10.88700008,33.6570015,25.75090027,0.095653027,5.366000175,MON
2103,110,48,10.83839989,33.65840149,25.76059914,0.087354898,5.284999847,MON
2103,110,50,10.65699959,33.64649963,25.7833004,0.041086491,5.074999809,MON
2103,110,52,10.49699974,33.6385994,25.80509949,0.044724211,4.962999821,MON
2103,110,54,10.44960022,33.64279938,25.8166008,0.01035523,4.931000233,MON
2103,110,56,10.41650009,33.64920044,25.82729912,0,4.897999763,MON
2103,110,58,10.38290024,33.65499878,25.83769989,0,4.899000168,MON
2103,110,60,10.31830025,33.67660141,25.86569977,0,4.81400013,MON
2103,110,62,10.25879955,33.6894989,25.88599968,0,4.679999828,MON
2103,110,64,10.21469975,33.70479965,25.90550041,0,4.568999767,MON
2103,110,66,10.20670033,33.71030045,25.91119957,0,4.538000107,MON
2103,110,68,10.20530033,33.71160126,25.91239929,0,4.537000179,MON
2103,110,70,10.20119953,33.71360016,25.91469955,0,4.501999855,MON
2103,110,72,10.16359997,33.72809982,25.93250084,0,4.298999786,MON
2103,110,74,10.0909996,33.75059891,25.96240044,0,4.022999763,MON
2103,110,76,10.007699969999999,33.76879883,25.99069977,0,3.750999928,MON
2103,110,78,9.935400009,33.78630066,26.01659966,0,3.6050000190000002,MON
2103,110,80,9.819199562,33.78939819,26.03849983,0,3.428999901,MON
2103,110,82,9.577199936,33.78379822,26.07419968,0,3.289000034,MON
2103,110,84,9.318799973,33.77349854,26.10829926,0,3.236000061,MON
2103,110,86,9.321000099,33.79259872,26.12290001,0,3.187999964,MON
2103,110,88,9.318900108,33.80590057,26.13360023,0,3.08100009,MON
2103,110,90,9.345399857,33.83909988,26.15539932,0,2.881999969,MON
2103,110,92,9.336400032,33.85720062,26.17099953,0,2.801000118,MON
2103,110,94,9.316300392,33.86520004,26.18050003,0,2.765000105,MON
2103,110,96,9.307600021,33.86930084,26.18519974,0,2.7300000190000002,MON
2103,110,98,9.300299644,33.87739944,26.19269943,0,2.667000055,MON
2103,110,100,9.294599533,33.89139938,26.20459938,0,2.602999926,MON
2103,110,102,9.26720047,33.90530014,26.21999931,0,2.503999949,MON
2103,110,104,9.244400024,33.92070007,26.23579979,0,2.427999973,MON
2103,110,106,9.232600212,33.93349838,26.24769974,0,2.392999887,MON
2103,110,108,9.228099823,33.93769836,26.25169945,0,2.381000042,MON
2103,110,110,9.222299576,33.94200134,26.2560997,0,2.358999968,MON
2103,110,112,9.211999893,33.9477005,26.2621994,0,2.329999924,MON
2103,110,114,9.196000099,33.9557991,26.27109909,0,2.303999901,MON
2103,463,4,11.05160046,33.18310165,25.35180092,0.489184022,6.18200016,NAV
2103,463,6,11.04599953,33.18320084,25.35289955,0.516047001,6.159999847,NAV
2103,463,8,11.02079964,33.18709946,25.36050034,0.545771539,6.144999981,NAV
2103,463,10,10.94309998,33.20100021,25.38509941,0.649568915,6.144999981,NAV
2103,463,12,10.84720039,33.22190094,25.41839981,0.735432506,6.1300001140000004,NAV
2103,463,14,10.72850037,33.25180054,25.46249962,0.923867166,6.1199998859999996,NAV
2103,463,16,10.5656004,33.29439926,25.52409935,1.198521018,6.056000233,NAV
2103,463,18,10.35389996,33.36660004,25.61700058,1.53577733,6.058000088,NAV
2103,463,20,10.30000019,33.39509964,25.64850044,2.108665228,6.017000198,NAV
2103,463,22,10.22070026,33.43360138,25.69210052,2.483486414,6.117000103,NAV
2103,463,24,10.19960022,33.48300171,25.73419952,3.17284584,6.129000187,NAV
2103,463,26,10.11270046,33.49029922,25.75469971,3.285370111,6.105000019,NAV
2103,463,28,10.06760025,33.49689865,25.76749992,4.171448708,6.098999977,NAV
2103,463,30,10.05140018,33.51179886,25.78190041,3.865926027,6.087999821,NAV
2103,463,32,10.08170033,33.55379868,25.80960083,4.126621246,5.842000008,NAV
2103,463,34,9.895299911,33.54809952,25.83650017,3.180258751,5.372000217,NAV
2103,463,36,9.476599693,33.48939896,25.85960007,2.213748932,4.675000191,NAV
2103,463,38,9.31499958,33.47589874,25.87520027,0.112674899,4.518000126,NAV
2103,463,40,9.342100143,33.51010132,25.89769936,0,4.589000225,NAV
2103,463,42,9.363100052,33.54980087,25.92539978,0,4.6199998859999996,NAV
2103,463,44,9.329400063,33.58110046,25.95529938,0,4.501999855,NAV
2103,463,46,9.29279995,33.59339905,25.97089958,0,4.401000023,NAV
2103,463,48,9.26309967,33.59999847,25.98089981,0,4.256999969,NAV
2103,463,50,9.242500305,33.61470032,25.99570084,0,4.368999958,NAV
2103,463,52,9.260000229,33.62820053,26.00349998,0,4.433000088,NAV
2103,463,54,9.19659996,33.63959885,26.02260017,0,4.19299984,NAV
2103,463,56,9.137000084,33.65520096,26.04439926,0,4.078999996,NAV
2103,463,58,9.098600388,33.66230011,26.05599976,0,3.967999935,NAV
2103,463,60,9.043899536,33.66680145,26.06830025,0,3.78399992,NAV
2103,463,62,8.936599731,33.68870163,26.10239983,0,3.548000097,NAV
2103,463,64,8.918299675,33.71720123,26.12759972,0,3.6849999429999998,NAV
2103,463,66,9.081600189,33.7655983,26.13969994,0.337444782,4.300000191,NAV
2103,463,68,9.23789978,33.83409882,26.16839981,1.638673902,4.72300005,NAV
2103,463,70,9.139399529,33.84019852,26.18899918,1.113324404,4.520999908,NAV
2103,463,72,9.105400085,33.8504982,26.20249939,0.821968973,4.4949998859999996,NAV
2103,463,74,9.137499809,33.86500168,26.20879936,1.03822422,4.587999821,NAV
2103,463,76,9.155200005,33.88169861,26.21899986,0.874720573,4.65199995,NAV
2103,463,78,9.163900375,33.89659882,26.22929955,0.505715191,4.662000179,NAV
2103,463,80,9.154899597,33.89609909,26.23049927,0.422654629,4.611000061,NAV
2103,463,82,9.100799561,33.89009857,26.2343998,0.389362484,4.423999786,NAV
2103,463,84,9.065799713,33.89009857,26.23999977,0.192591816,4.422999859,NAV
2103,463,86,9.106900215,33.9056015,26.24570084,0.346719563,4.515999794,NAV
2103,463,88,9.113400459,33.9131012,26.25049973,0.292266905,4.504000187,NAV
2103,463,90,9.085100174,33.92620087,26.26530075,0.154577479,4.320000172,NAV
2103,463,92,9.055999756,33.9367981,26.27829933,0,4.106999874,NAV
2103,463,94,9.001199722,33.93700027,26.28709984,0.146913081,3.982000113,NAV
2103,463,96,8.974900246,33.90340042,26.26499939,0.237952635,3.941999912,NAV
2103,463,98,8.968099594,33.93700027,26.29249954,0.077595346,3.89199996,NAV
2103,463,100,8.946299553,33.93790054,26.29669952,0.03652928,3.816999912,NAV
2103,463,102,8.93350029,33.93889999,26.29949951,0.240863115,3.772000074,NAV
2103,463,104,8.925900459,33.94129944,26.30260086,0.099783108,3.703000069,NAV
2103,463,106,8.912799835,33.94459915,26.30730057,0.040536478,3.5650000570000002,NAV
2103,463,108,8.892700195,33.9469986,26.31229973,0,3.428999901,NAV
2103,463,110,8.887000084,33.94810104,26.31410027,0,3.385999918,NAV
2103,463,112,8.877799988,33.94839859,26.31579971,0,3.240999937,NAV
2103,463,114,8.872799873,33.95059967,26.31839943,0,3.221999884,NAV
2103,461,4,9.56910038,33.82080078,26.10309982,7.033206463,6.15500021,NAV
2103,461,6,9.463000298,33.81990051,26.11969948,7.986413002,5.793000221,NAV
2103,461,8,9.327899933,33.83539963,26.15390015,7.072214603,5.535999775,NAV
2103,461,10,9.329000473,33.85070038,26.16559982,7.450398922,5.46999979,NAV
2103,461,12,9.289299965,33.86180115,26.18079948,7.411680698,5.361999989,NAV
2103,461,14,9.264399529,33.86349869,26.18610001,6.919879436,5.293000221,NAV
2103,461,16,9.23429966,33.86220169,26.19009972,6.995811939,5.221000195,NAV
2103,461,18,9.194499969,33.86270142,26.19689941,6.460990906,5.09100008,NAV
2103,461,20,9.179900169,33.88370132,26.21559906,6.041804314,4.999000072,NAV
2103,461,22,9.117699623,33.90340042,26.24110031,5.299969196,4.71999979,NAV
2103,461,24,9.019100189,33.91880035,26.26889992,4.437014103,4.422999859,NAV
2103,461,26,8.956700325,33.92789841,26.28590012,3.908282757,4.252999783,NAV
2103,461,28,8.871500015,33.94509888,26.31279945,3.06167078,3.954999924,NAV
2103,461,30,8.803999901,33.9518013,26.32869911,2.539083958,3.789000034,NAV
2103,461,32,8.767999649,33.95690155,26.3383007,2.249475718,3.686000109,NAV
2103,461,34,8.753899574,33.96089935,26.34370041,2.059780121,3.631000042,NAV
2103,461,36,8.736100197,33.96440125,26.34930038,1.928661108,3.578000069,NAV
2103,461,38,8.732999802,33.96509933,26.35040092,1.823200703,3.556999922,NAV
2103,461,40,8.725299835,33.96680069,26.35289955,1.77392602,3.516000032,NAV
2103,461,42,8.715600014,33.96889877,26.35610008,1.676089048,3.48300004,NAV
2103,461,44,8.707799911,33.97079849,26.35880089,1.596151233,3.454999924,NAV
2103,461,46,8.696100235,33.97320175,26.36260033,1.538670182,3.414999962,NAV
2103,461,48,8.68500042,33.97589874,26.36639977,1.161210418,3.371999979,NAV
2103,461,50,8.675600052,33.97850037,26.37000084,1.158507824,3.345999956,NAV
2103,461,52,8.6729002,33.98089981,26.37229919,1.030684114,3.335000038,NAV
2103,461,54,8.6541996,33.99020004,26.38249969,1.095675349,3.290999889,NAV
2103,461,56,8.634599686,33.99710083,26.39100075,0.975133121,3.236999989,NAV
2103,461,58,8.618499756,34.0033989,26.39850044,1.106228948,3.213000059,NAV
2103,461,60,8.617300034,34.0041008,26.39920044,1.030364633,3.198999882,NAV
2103,461,62,8.614100456,34.00550079,26.40089989,1.02344501,3.194000006,NAV
2103,461,64,8.612299919,34.00619888,26.40169907,1.025844097,3.187000036,NAV
2103,461,66,8.60890007,34.00709915,26.40299988,1.060482025,3.187999964,NAV
2103,461,68,8.602999687,34.00880051,26.40519905,0.870542467,3.171000004,NAV
2103,461,70,8.597700119,34.01079941,26.4076004,0.820593715,3.15199995,NAV
2103,461,72,8.573200226,34.01979828,26.4185009,0.704265177,3.061000109,NAV
2103,461,74,8.548299789,34.02899933,26.42959976,0.592631459,2.944000006,NAV
2103,461,76,8.475199699,34.05580139,26.46190071,0.309131145,2.665999889,NAV
2103,461,78,8.457699776,34.06150055,26.46899986,0.196169704,2.61500001,NAV
2103,461,80,8.461700439,34.06100082,26.46809959,0.254506439,2.628000021,NAV
2103,466,4,11.35840034,32.8368988,25.02759933,1.209164023,6.495999813,NAV
2103,466,6,11.34459972,32.83470154,25.02829933,1.143545508,6.485000134,NAV
2103,466,8,11.34290028,32.83399963,25.02809906,1.13964045,6.486999989,NAV
2103,466,10,11.34130001,32.8348999,25.0291996,1.125733972,6.480999947,NAV
2103,466,12,11.33679962,32.83769989,25.03210068,1.070200443,6.480000019,NAV
2103,466,14,11.32199955,32.84749985,25.04249954,1.10042274,6.478000164,NAV
2103,466,16,11.31400013,32.85290146,25.04820061,1.021201015,6.472000122,NAV
2103,466,18,11.27460003,32.87390137,25.07159996,0.905985892,6.462999821,NAV
2103,466,20,11.1892004,32.88750076,25.09760094,0.730614305,6.425000191,NAV
2103,466,22,11.04629993,32.87490082,25.11319923,0.711051583,6.339000225,NAV
2103,466,24,10.63860035,32.87099838,25.18169975,0.91278106,6.276000023,NAV
2103,466,26,10.22819996,32.91550064,25.2866993,0.955753028,6.096000195,NAV
2103,466,28,10.16629982,32.97200012,25.34129906,0.732053936,5.992000103,NAV
2103,466,30,10.14620018,33.00469971,25.3701992,0.87594533,5.929999828,NAV
2103,466,32,10.07240009,33.03269958,25.40449905,0.671175599,5.769000053,NAV
2103,466,34,9.986800194,33.05780029,25.43849945,0.545682073,5.659999847,NAV
2103,466,36,9.875800133,33.08940125,25.4817009,0.591883063,5.589000225,NAV
2103,466,38,9.805199623,33.10950089,25.50909996,0.575082421,5.53000021,NAV
2103,466,40,9.699999809,33.13560104,25.54680061,0.664912343,5.40899992,NAV
2103,466,42,9.548500061,33.22489929,25.6413002,0.531916857,5.211999893,NAV
2103,466,44,9.432499886,33.25289917,25.6821003,0.378605366,4.954999924,NAV
2103,466,46,9.354800224,33.26279831,25.70240021,0.243164852,4.793000221,NAV
2103,466,48,9.247599602,33.31420135,25.75970078,0.192065373,4.577000141,NAV
2103,466,50,9.173600197,33.36169815,25.80870056,0.113695972,4.482999802,NAV
2103,466,52,9.128399849,33.40639877,25.85090065,0.056188822,4.425000191,NAV
2103,466,54,9.076299667,33.4355011,25.88199997,0.023348492,4.335999966,NAV
2103,466,56,9.02670002,33.47439957,25.92029953,0.015924105,4.290999889,NAV
2103,466,58,9.014900208,33.48809814,25.93289948,0,4.271999836,NAV
2103,466,60,8.991600037,33.50790024,25.95210075,0.010775092,4.184999943,NAV
2103,466,62,8.910499573,33.56110001,26.00659943,0,4.006000042,NAV
2103,466,64,8.80850029,33.60739899,26.05879974,0,3.875,NAV
2103,466,66,8.777000427,33.62530136,26.07769966,0,3.792999983,NAV
2103,466,68,8.744400024,33.64310074,26.09679985,0,3.763000011,NAV
2103,466,70,8.735500336,33.65930176,26.11090088,0,3.760999918,NAV
2103,466,72,8.704600334,33.67919922,26.13129997,0,3.691999912,NAV
2103,466,74,8.646699905,33.70280075,26.15880013,0,3.612999916,NAV
2103,466,76,8.632100105,33.707901,26.1651001,0,3.596999884,NAV
2103,466,78,8.627599716,33.70970154,26.16720009,0,3.584000111,NAV
2103,466,80,8.624799728,33.71170044,26.1692009,0,3.572999954,NAV
2103,466,82,8.604499817,33.72090149,26.17959976,0,3.5250000950000002,NAV
2103,466,84,8.568599701,33.7358017,26.19669914,0,3.476000071,NAV
2103,466,86,8.548999786,33.74440002,26.20660019,0,3.440999985,NAV
2103,466,88,8.539500237,33.75049973,26.21279907,0,3.41899991,NAV
2103,466,90,8.51099968,33.76470184,26.22830009,0,3.345000029,NAV
2103,466,92,8.463100433,33.77999878,26.24769974,0,3.282999992,NAV
2103,466,94,8.445799828,33.78689957,26.25580025,0,3.250999928,NAV
2103,466,96,8.428700447,33.79539871,26.26499939,0,3.200999975,NAV
2103,466,98,8.397299767,33.80939865,26.28079987,0,3.171999931,NAV
2103,466,100,8.385199547,33.81499863,26.28709984,0,3.140000105,NAV
2103,466,102,8.370499611,33.82329941,26.29590034,0,3.069999933,NAV
2103,466,104,8.334699631,33.84560013,26.31879997,0,2.96600008,NAV
2103,466,106,8.315199852,33.85480118,26.32900047,0,2.917999983,NAV
2103,466,108,8.305199623,33.85820007,26.33320045,0,2.904999971,NAV
2103,466,110,8.305199623,33.85860062,26.33349991,0,2.90199995,NAV
2103,466,112,8.297100067,33.86180115,26.33729935,0,2.871999979,NAV
2103,466,114,8.283900261,33.86610031,26.34269905,0,2.789999962,NAV
2103,465,4,10.84430027,33.14580154,25.35960007,2.769885063,6.603000164,NAV
2103,465,6,10.8373003,33.14770126,25.36219978,3.145273209,6.614999771,NAV
2103,465,8,10.82489967,33.1507988,25.36689949,4.38642931,6.624000072,NAV
2103,465,10,10.82159996,33.152900699999996,25.36910057,5.591597557,6.611000061,NAV
2103,465,12,10.81900024,33.15470123,25.37100029,5.742427826,6.612999916,NAV
2103,465,14,10.80430031,33.16450119,25.38129997,5.742077351,6.599999905,NAV
2103,465,16,10.79389954,33.17240143,25.38929939,6.592256546,6.607999802,NAV
2103,465,18,10.77589989,33.182701110000004,25.40049934,6.860724926,6.56400013,NAV
2103,465,20,10.65960026,33.22069931,25.45050049,6.885602951,6.2550001140000004,NAV
2103,465,22,10.29139996,33.27809906,25.55859947,4.913227558,5.90500021,NAV
2103,465,24,9.980799675,33.47449875,25.76460075,2.146377563,6.065000057,NAV
2103,465,26,9.800000191,33.64310074,25.92639923,1.59242332,6.046000004,NAV
2103,465,28,9.734000206,33.68059921,25.9666996,1.05841434,5.999000072,NAV
2103,465,30,9.727399826,33.68299866,25.96969986,1.263450623,5.968999863,NAV
2103,465,32,9.714900017,33.67869949,25.96839905,1.027343988,5.902999878,NAV
2103,465,34,9.686900139,33.68420029,25.97739983,0.669500232,5.789000034,NAV
2103,465,36,9.64869976,33.68719864,25.98609924,0.671371281,5.677000046,NAV
2103,465,38,9.611000061,33.68849945,25.99329948,0.492536902,5.605999947,NAV
2103,465,40,9.601499557,33.68939972,25.99570084,0.592302799,5.600999832,NAV
2103,465,42,9.591199875,33.69079971,25.99839973,0.447078466,5.587999821,NAV
2103,465,44,9.584199905,33.69129944,26.00009918,0.422171086,5.55700016,NAV
2103,465,46,9.543499947,33.70209885,26.01519966,0.432713687,5.392000198,NAV
2103,465,48,9.509300232,33.71519852,26.03109932,0.325819612,5.309000015,NAV
2103,465,50,9.488699913,33.7242012,26.04150009,0.178662285,5.269999981,NAV
2103,465,52,9.471199989,33.73289871,26.05109978,0.121155187,5.249000072,NAV
2103,465,54,9.456000328,33.73490143,26.05529976,0.141052231,5.21999979,NAV
2103,465,56,9.439499855,33.73559952,26.05850029,0.111462876,5.168000221,NAV
2103,465,58,9.42029953,33.73649979,26.06240082,0.04001648,5.135000229,NAV
2103,465,60,9.390000343,33.74029922,26.07029915,0.08185593,5.076000214,NAV
2103,465,62,9.370599747,33.7439003,26.07629967,0,5.038000107,NAV
2103,465,64,9.338999748,33.74779892,26.08449936,0,5,NAV
2103,465,66,9.33259964,33.74829865,26.08600044,0,4.988999844,NAV
2103,465,68,9.329099655,33.74860001,26.08679962,0,4.961999893,NAV
2103,465,70,9.320500374,33.74909973,26.08860016,0,4.949999809,NAV
2103,465,72,9.314900398,33.74959946,26.08989906,0,4.93599987,NAV
2103,465,74,9.307200432,33.75,26.09149933,0,4.9149999619999996,NAV
2103,465,76,9.298000336,33.75,26.09309959,0,4.892000198,NAV
2103,465,78,9.291700363,33.74980164,26.09399986,0,4.877999783,NAV
2103,465,80,9.288100243,33.75009918,26.09480095,0,4.856999874,NAV
2103,465,82,9.278699875,33.75059891,26.09679985,0,4.84499979,NAV
2103,465,84,9.274000168,33.75120163,26.09799957,0,4.831999779,NAV
2103,465,86,9.265800476,33.75159836,26.09959984,0,4.802000046,NAV
2103,465,88,9.248000145,33.75189972,26.10280037,0,4.75,NAV
2103,465,90,9.229100227,33.75149918,26.10549927,0,4.702000141,NAV
2103,465,92,9.201700211,33.75040054,26.10910034,0,4.59499979,NAV
2103,465,94,9.133600235,33.74869919,26.11870003,0,4.436999798,NAV
2103,465,96,9.112000465,33.75030136,26.12339973,0,4.340000153,NAV
2103,465,98,9.061800003,33.75579834,26.13579941,0,4.211999893,NAV
2103,465,100,9.041099548,33.75979996,26.14220047,0,4.159999847,NAV
2103,465,102,9.033699989,33.76729965,26.14929962,0,4.103000164,NAV
2103,465,104,9.041700363,33.78519821,26.16200066,0,4.020999908,NAV
2103,465,106,9.052800179,33.80459976,26.17550087,0,3.95600009,NAV
2103,465,108,9.075799942,33.82949829,26.19140053,0,3.90199995,NAV
2103,465,110,9.04679966,33.83459854,26.200000760000002,0,3.834000111,NAV
2103,465,112,9.043700218,33.85800171,26.21890068,0,3.805000067,NAV
2103,465,114,9.023500443,33.87509918,26.23550034,0,3.773999929,NAV
2103,464,4,10.77939987,33.55270004,25.68779945,4.981798172,6.907000065,NAV
2103,464,6,10.76270008,33.55170059,25.69000053,5.949526787,6.912000179,NAV
2103,464,8,10.74440002,33.54999924,25.69190025,6.453123569,6.895999908,NAV
2103,464,10,10.74499989,33.5503006,25.69210052,8.171908379,6.8699998859999996,NAV
2103,464,12,10.74470043,33.55039978,25.69219971,9.610600471,6.883999825,NAV
2103,464,14,10.74590015,33.55049896,25.69210052,10.11851692,6.860000134,NAV
2103,464,16,10.73180008,33.54909897,25.69350052,11.16512394,6.834000111,NAV
2103,464,18,10.70800018,33.54729843,25.69639969,11.85854816,6.818999767,NAV
2103,464,20,10.69970036,33.54579926,25.69669914,11.81540298,6.75,NAV
2103,464,22,10.62269974,33.55039978,25.71380043,11.4633646,6.590000153,NAV
2103,464,24,10.16079998,33.61240005,25.84149933,7.849658489,6.334000111,NAV
2103,464,26,9.859199524,33.65779877,25.9279995,6.812660694,6.103000164,NAV
2103,464,28,9.682900429,33.67369843,25.96980095,5.278934002,5.795000076,NAV
2103,464,30,9.537500381,33.69269943,26.00849915,3.740579367,5.478000164,NAV
2103,464,32,9.468999863,33.71480179,26.03700066,2.986270666,5.416999817,NAV
2103,464,34,9.397800446,33.74829865,26.07480049,2.742309093,5.195000172,NAV
2103,464,36,9.283900261,33.7641983,26.10569954,1.415045023,4.987999916,NAV
2103,464,38,9.296699524,33.78350067,26.11879921,1.231624603,5.002999783,NAV
2103,464,40,9.228099823,33.81549835,26.1548996,1.592784524,4.729000092,NAV
2103,464,42,9.142800331,33.82479858,26.17589951,0.77191025,4.580999851,NAV
2103,464,44,9.135299683,33.83100128,26.18199921,0.794389963,4.552999973,NAV
2103,464,46,9.128000259,33.84159851,26.19149971,0.92492938,4.551000118,NAV
2103,464,48,9.118000031,33.84989929,26.19960022,0.904402316,4.527999878,NAV
2103,464,50,9.10229969,33.85910034,26.20940018,0.793931901,4.480999947,NAV
2103,464,52,9.09319973,33.86529922,26.21570015,0.72801733,4.445000172,NAV
2103,464,54,9.085700035,33.86800003,26.21899986,0.78307265,4.414000034,NAV
2103,464,56,9.069499969,33.87189865,26.22470093,0.65718025,4.368000031,NAV
2103,464,58,9.053199768,33.87440109,26.22929955,0.627770841,4.30700016,NAV
2103,464,60,9.008099556,33.88410187,26.24399948,0.512162447,4.181000233,NAV
2103,464,62,8.958800316,33.89229965,26.25830078,0.483842134,4.038000107,NAV
2103,464,64,8.92800045,33.8973999,26.26720047,0.380766451,3.963000059,NAV
2103,464,66,8.886500359,33.90319824,26.27829933,0.271714151,3.8150000570000002,NAV
2103,464,68,8.836700439,33.91630173,26.29640007,0.304953039,3.674000025,NAV
2103,464,70,8.810299873,33.9239006,26.30649948,0.164815694,3.573999882,NAV
2103,464,72,8.787199974,33.92829895,26.31360054,0.126446873,3.480999947,NAV
2103,464,74,8.716099739,33.93909836,26.33320045,0.140159965,3.302999973,NAV
2103,464,76,8.648799896,33.94850159,26.35099983,0.127225369,3.138999939,NAV
2103,464,78,8.622900009,33.95119858,26.35720062,0.024199953,3.082000017,NAV
2103,464,80,8.606599808,33.95299911,26.36120033,0.00534138,3.017999887,NAV
2103,464,82,8.566599846,33.95209885,26.36660004,0,2.980999947,NAV
2103,464,84,8.555600166,33.9510994,26.36759949,0,2.960000038,NAV
2103,464,86,8.539299965,33.95029831,26.36949921,0,2.937000036,NAV
2103,464,88,8.505800247,33.94729996,26.37220001,0,2.907000065,NAV
2103,464,90,8.491900444,33.94469833,26.37240028,0,2.914000034,NAV
2103,464,92,8.483400345,33.94430161,26.37339973,0,2.891000032,NAV
2103,464,94,8.43789959,33.93859863,26.37590027,0,2.872999907,NAV
2103,464,96,8.434000015,33.93930054,26.37709999,0,2.864000082,NAV
2103,464,98,8.419099808,33.93880081,26.37899971,0,2.855999947,NAV
2103,464,100,8.39470005,33.93500137,26.37969971,0,2.808000088,NAV
2103,464,102,8.309499741,33.92290115,26.38319969,0,2.749000072,NAV
2103,464,104,8.219499588,33.91569901,26.39119911,0,2.720999956,NAV
2103,464,106,8.171899796,33.91749954,26.39970016,0,2.6849999429999998,NAV
2103,464,108,8.184599876,33.92419815,26.40309906,0,2.674000025,NAV
2103,464,110,8.253299713,33.94900131,26.41230011,0,2.653000116,NAV
2103,464,112,8.21020031,33.95209885,26.4211998,0,2.607000113,NAV
2103,464,114,8.049500465,33.94010162,26.43580055,0,2.601999998,NAV
2103,154,4,10.4229002,33.89899826,26.01989937,8.699401855,6.631000042,FAR
2103,154,6,10.42269993,33.89860153,26.0196991,9.053390503,6.618000031,FAR
2103,154,8,10.41950035,33.89839935,26.02020073,9.537114143,6.597000122,FAR
2103,154,10,10.42080021,33.89849854,26.02009964,9.654669762,6.589000225,FAR
2103,154,12,10.42630005,33.89889908,26.01939964,9.22309494,6.611000061,FAR
2103,154,14,10.43239975,33.89899826,26.01849937,9.142493248,6.611999989,FAR
2103,154,16,10.3998003,33.89649963,26.02219963,7.997058392,6.547999859,FAR
2103,154,18,10.40380001,33.89670181,26.02179909,8.411509514,6.545000076,FAR
2103,154,20,10.40540028,33.89699936,26.02169991,8.294226646,6.571000099,FAR
2103,154,22,10.40909958,33.89709854,26.02120018,8.544465065,6.515999794,FAR
2103,154,24,10.34589958,33.89250183,26.02860069,7.579856873,6.382999897,FAR
2103,154,26,10.28600025,33.88909912,26.03630066,7.105391502,6.272999763,FAR
2103,154,28,10.22000027,33.8927002,26.05050087,6.410112858,6.157000065,FAR
2103,154,30,10.21220016,33.90319824,26.06010056,5.903576851,6.157999992,FAR
2103,154,32,10.19540024,33.90990067,26.06809998,5.446584702,6.106999874,FAR
2103,154,34,10.15229988,33.90589905,26.07239914,5.136127949,5.973999977,FAR
2103,154,36,10.10210037,33.90069962,26.07699966,5.164750099,5.834000111,FAR
2103,154,38,10.00669956,33.89459991,26.08839989,4.764265537,5.631000042,FAR
2103,154,40,9.911100388,33.88499832,26.09700012,3.818455219,5.462999821,FAR
2103,154,42,9.829199791,33.87250137,26.10099983,3.310948133,5.388000011,FAR
2103,154,44,9.818400383,33.87099838,26.10169983,3.29826951,5.3699998859999996,FAR
2103,154,46,9.804599762,33.86859894,26.10219955,3.167414665,5.356999874,FAR
2103,154,48,9.791799545,33.86650085,26.10269928,2.903072834,5.301000118,FAR
2103,154,50,9.743700027,33.85879898,26.10470009,2.794131041,5.227000237,FAR
2103,154,52,9.696399689,33.85369873,26.10860062,2.475994349,5.135000229,FAR
2103,154,54,9.674300194,33.8586998,26.11619949,2.376658916,5.105999947,FAR
2103,154,56,9.657299995,33.86800003,26.12639999,1.786066055,5.006000042,FAR
2103,154,58,9.594499588,33.86439896,26.13389969,1.500612855,4.852000237,FAR
2103,154,60,9.545999527,33.87929916,26.1534996,1.307044864,4.56099987,FAR
2103,154,62,9.512700081,33.89609909,26.17219925,1.206115127,4.478000164,FAR
2103,154,64,9.508000374,33.90019989,26.17620087,0.740756392,4.513000011,FAR
2103,154,66,9.50399971,33.90299988,26.17910004,0.440626562,4.610000134,FAR
2103,154,68,9.517999649,33.91230011,26.1840992,0.19183518,4.637000084,FAR
2103,154,70,9.523200035,33.92129898,26.19029999,0.105199523,4.366000175,FAR
2103,154,72,9.458900452,33.94020081,26.21559906,0.076002412,3.880000114,FAR
2103,154,74,9.295700073,33.94469833,26.24570084,0.343466401,3.272000074,FAR
2103,154,76,9.244799614,33.94929886,26.25749969,0.052322973,3.111999989,FAR
2103,154,78,9.176300049,33.95119858,26.27009964,0,2.888999939,FAR
2103,154,80,9.15719986,33.95069885,26.27280045,0,2.805999994,FAR
2103,154,82,9.153699875,33.95119858,26.27370071,0,2.762000084,FAR
2103,154,84,9.147299767,33.95059967,26.27440071,0,2.696000099,FAR
2103,154,86,9.143899918,33.95069885,26.27499962,0,2.64199996,FAR
2103,154,88,9.140399933,33.95140076,26.27619934,0,2.596999884,FAR
2103,154,90,9.135700226,33.95339966,26.2784996,0.007065659,2.464999914,FAR
2103,154,92,9.124699593,33.96319962,26.28800011,0.505351782,2.371000051,FAR
2103,154,94,9.118000031,33.96689987,26.29199982,0,2.35800004,FAR
2103,154,96,9.113300323,33.97359848,26.29800034,0,2.367000103,FAR
2103,154,98,9.100799561,33.97689819,26.30270004,0,2.339999914,FAR
2103,154,100,9.055399895,33.98120117,26.3132,0,2.262000084,FAR
2103,154,102,8.998800278,33.98680115,26.32659912,0,2.220999956,FAR
2103,154,104,8.963899612,33.99409866,26.33790016,0,2.188999891,FAR
2103,154,106,8.909399986,34.00120163,26.35210037,0,2.157000065,FAR
2103,154,108,8.893400192,34.00310135,26.35610008,0.52858603,2.131000042,FAR
2103,154,110,8.872200012,34.0060997,26.36190033,0,2.112999916,FAR
2103,154,112,8.856800079,34.00870132,26.36639977,0,2.107000113,FAR
2103,154,114,8.855899811,34.00889969,26.36669922,0,2.104000092,FAR
2103,152,4,10.41399956,33.94739914,26.05929947,5.963936329,6.537000179,FAR
2103,152,6,10.41670036,33.95019913,26.06100082,5.716412544,6.540999889,FAR
2103,152,8,10.4382,33.94829941,26.05579948,5.917342186,6.558000088,FAR
2103,152,10,10.42409992,33.94919968,26.05900002,6.167887211,6.522999763,FAR
2103,152,12,10.40069962,33.95100021,26.06450081,6.529666901,6.416999817,FAR
2103,152,14,10.3696003,33.95410156,26.07239914,6.395562649,6.31799984,FAR
2103,152,16,10.31439972,33.95970154,26.0862999,5.957879066,6.144000053,FAR
2103,152,18,10.2986002,33.9618988,26.09079933,5.272489071,6.041999817,FAR
2103,152,20,10.25349998,33.96630096,26.10199928,4.552164555,5.921999931,FAR
2103,152,22,10.21350002,33.96780014,26.11000061,4.117581367,5.78399992,FAR
2103,152,24,10.10809994,33.97000122,26.1298008,3.800344229,5.416999817,FAR
2103,152,26,9.961000443,33.97169876,26.15600014,3.263205051,4.934000015,FAR
2103,152,28,9.762599945,33.97370148,26.1909008,2.135327101,4.499000072,FAR
2103,152,30,9.463500023,33.97470093,26.24110031,1.315423608,3.717999935,FAR
2103,152,32,9.366499901,33.97829819,26.25979996,0.781236291,3.562000036,FAR
2103,152,34,9.361700058,33.98020172,26.26210022,0.719180465,3.530999899,FAR
2103,152,36,9.366700172,33.98419952,26.26449966,0.790603638,3.50999999,FAR
2103,152,38,9.334699631,33.98849869,26.27300072,0.725651503,3.357000113,FAR
2103,152,40,9.257499695,33.9858017,26.28350067,0.599945903,3.130000114,FAR
2103,152,42,9.158599854,33.99150085,26.30380058,0.487586886,2.869999886,FAR
2103,152,44,9.092599869,33.99409866,26.31649971,0.350325853,2.693000078,FAR
2103,152,46,9.076100349,33.99599838,26.32060051,0.37615481,2.6449999809999998,FAR
2103,152,48,9.064399719,33.99720001,26.32349968,0.144678161,2.602999926,FAR
2103,152,50,9.057900429,33.99779892,26.325000760000002,0.124396324,2.571000099,FAR
2103,152,52,9.052000046,33.99840164,26.32640076,0.075296551,2.542999983,FAR
2103,152,54,9.050999641,33.99879837,26.32699966,0.06614989,2.5250000950000002,FAR
2103,152,56,9.038900375,33.99969864,26.32959938,0.119105935,2.476999998,FAR
2103,152,58,9.026499748,34.00049973,26.3321991,0.322811246,2.415999889,FAR
2103,152,60,9.001700401,34.00249863,26.33779907,0.121600039,2.303999901,FAR
2103,152,62,8.94960022,34.00559998,26.3484993,0.055064261,2.147000074,FAR
2103,152,64,8.911399841,34.00939941,26.35750008,0.079628281,1.945000052,FAR
2103,152,66,8.836999893,34.01860046,26.37649918,0.048535552,1.794999957,FAR
2103,152,68,8.830800056,34.01919937,26.37789917,0.111582577,1.766000032,FAR
2103,152,70,8.828100204,34.01940155,26.37859917,0.015010955,1.751000047,FAR
2103,152,72,8.817000389,34.02080154,26.38139915,0.45815739,1.700999975,FAR
2103,152,74,8.810099602,34.02209854,26.38360023,0.273914248,1.672000051,FAR
2103,152,76,8.801699638,34.02289963,26.38559914,0.016400423,1.643000007,FAR
2103,152,78,8.793800354,34.02330017,26.38710022,0.013499603,1.621000051,FAR
2103,152,80,8.786299706,34.02399826,26.38890076,0,1.601999998,FAR
2103,152,82,8.784000397,34.0243988,26.38960075,0.226564437,1.595000029,FAR
2103,152,84,8.779299736,34.02460098,26.39049911,0.012214673,1.575999975,FAR
2103,152,86,8.773400307,34.02500153,26.39170074,0.096025854,1.562999964,FAR
2103,152,88,8.768600464,34.02539825,26.39279938,0,1.55400002,FAR
2103,152,90,8.767800331,34.02539825,26.39299965,0.012415806,1.549000025,FAR
2103,152,92,8.758299828,34.02619934,26.39509964,0,1.531999946,FAR
2103,152,94,8.749099731,34.02679825,26.39710045,0.15608485,1.511999965,FAR
2103,138,4,10.93799973,33.84859848,25.88999939,10.96787357,7.656000137,FAR
2103,138,6,10.94239998,33.84870148,25.88940048,11.5488615,7.610000134,FAR
2103,138,8,10.94989967,33.84909821,25.88839912,11.04891968,7.627999783,FAR
2103,138,10,10.95790005,33.84970093,25.887500760000002,11.28952789,7.604000092,FAR
2103,138,12,10.95619965,33.84949875,25.88769913,11.26609612,7.600999832,FAR
2103,138,14,10.94309998,33.84889984,25.88960075,11.36663532,7.599999905,FAR
2103,138,16,10.94229984,33.8484993,25.88949966,11.16359425,7.576000214,FAR
2103,138,18,10.94649982,33.84889984,25.88909912,11.24786472,7.572999954,FAR
2103,138,20,10.93299961,33.84889984,25.89150047,10.79046249,7.477000237,FAR
2103,138,22,10.81480026,33.85660172,25.91860008,10.50415611,6.967999935,FAR
2103,138,24,10.31040001,33.92169952,26.05719948,7.014267921,6.251999855,FAR
2103,138,26,9.742400169,33.98649979,26.20429993,2.469086885,5.538000107,FAR
2103,138,28,9.523799896,33.99169922,26.24449921,1.450505495,5.09499979,FAR
2103,138,30,9.427100182,33.99549866,26.26329994,1.222942114,4.659999847,FAR
2103,138,32,9.365699768,34.00109863,26.27770042,1.123647094,4.504000187,FAR
2103,138,34,9.327300072,34.00749969,26.28899956,1.059298396,4.464000225,FAR
2103,138,36,9.2791996,34.00690079,26.29640007,1.062698007,4.173999786,FAR
2103,138,38,9.259900093,34.00730133,26.29980087,0.970230639,4.073999882,FAR
2103,138,40,9.255200386,34.00680161,26.30019951,1.445272803,4.032999992,FAR
2103,237,4,10.93000031,34.00049973,26.00979996,13.00475979,7.7550001140000004,FAR
2103,237,6,10.92809963,34.00099945,26.01059914,12.54705048,7.737999916,FAR
2103,237,8,10.92640018,34.00099945,26.0109005,11.80712032,7.724999905,FAR
2103,237,10,10.92749977,34.00099945,26.01070023,11.95294952,7.688000202,FAR
2103,237,12,10.92500019,34.00080109,26.01110077,11.06507969,7.586999893,FAR
2103,237,14,10.81040001,33.99919891,26.03019905,11.01811028,7.045000076,FAR
2103,237,16,10.53709984,33.99399948,26.07439995,9.843630791,6.315999985,FAR
2103,237,18,10.28009987,33.99100113,26.11660004,6.399082184,5.671000004,FAR
2103,237,20,10.04409981,33.99000168,26.15620041,3.212328911,5.248000145,FAR
2103,237,22,9.900600433,33.99710083,26.18600082,2.235850096,5.068999767,FAR
2103,237,24,9.770899773,33.99779892,26.20829964,2.251852036,4.614999771,FAR
2103,237,26,9.607600212,33.99689865,26.23469925,1.486948967,4.309999943,FAR
2103,237,28,9.574000359,34.00080109,26.24340057,0.763390601,4.203999996,FAR
2103,237,30,9.554300308,34.00270081,26.24810028,0.383729696,4.097000122,FAR
2103,237,32,9.55039978,34.00379944,26.24970055,0.360865712,4.078999996,FAR
2103,237,34,9.54679966,34.00439835,26.25079918,0.384412706,4.031000137,FAR
2103,237,36,9.533399582,34.00529861,26.25370026,0.315967113,3.961999893,FAR
2103,237,38,9.517999649,34.00579834,26.25659943,0.29763791,3.898999929,FAR
2103,237,40,9.501999855,34.00640106,26.25979996,0.293457687,3.84100008,FAR
2103,237,42,9.482600212,34.00730133,26.26370049,0.257529587,3.786000013,FAR
2103,237,44,9.447699547,34.00830078,26.27020073,0.2081642,3.717999935,FAR
2103,237,46,9.384699821,34.00849915,26.28070068,0.175141305,3.549999952,FAR
2103,237,48,9.319700241,34.00889969,26.29159927,0.191301107,3.364000082,FAR
2103,237,50,9.114899635,34.00690079,26.32299995,0.158790201,2.770999908,FAR
2103,139,4,11.58129978,34.00270081,25.89410019,21.31662941,9.755999565,FAR
2103,139,6,10.95069981,33.99890137,26.00469971,22.91950035,8.336999893,FAR
2103,139,8,10.47999954,34.00059891,26.08930016,18.94424057,7.092999935,FAR
2103,139,10,10.20730019,34.00370026,26.13890076,11.39729977,6.40500021,FAR
2103,139,12,10.1633997,34.00659943,26.14870071,10.23122025,6.139999866,FAR
2103,139,14,10.05300045,34.00619888,26.16720009,8.401111603,5.715000153,FAR
2103,139,16,9.929599762,34.0021019,26.18490028,3.690936089,5.458000183,FAR
2103,139,18,9.890000343,34.0019989,26.19149971,2.868733883,5.298999786,FAR
2103,139,20,9.862700462,34.00279999,26.19680023,2.404453039,5.18599987,FAR
2103,139,22,9.846699715,34.00429916,26.20070076,1.590772033,5.013999939,FAR
2103,139,24,9.80739975,34.00709915,26.20949936,0.83099997,4.978000164,FAR
2103,139,26,9.802000046,34.01070023,26.21319962,1.38223803,5.035999775,FAR
2103,139,28,9.780599594,34.01399994,26.21940041,2.265259981,4.988999844,FAR
2103,139,30,9.756199837,34.01459885,26.22400093,2.200495005,4.866000175,FAR
2103,139,32,9.748299599,34.01449966,26.22529984,1.536373973,4.809000015,FAR
2103,139,34,9.742899895,34.01440048,26.22610092,1.23585403,4.735000134,FAR
2103,139,36,9.734399796,34.01440048,26.2276001,0.819647372,4.676000118,FAR
2103,139,38,9.684900284,34.01160049,26.23360062,0.440563887,4.402999878,FAR
2103,139,40,9.615400314,34.01169968,26.24530029,0.224669695,4.181000233,FAR
2103,105,4,11.04899979,33.83539963,25.85989952,2.743134022,5.748000145,SUR
2103,105,6,11.0564003,33.83589935,25.85899925,3.122344017,5.750999928,SUR
2103,105,8,11.05529976,33.83580017,25.85919952,3.398176908,5.75,SUR
2103,105,10,11.0564003,33.83560181,25.85890007,3.210006952,5.742000103,SUR
2103,105,12,11.03960037,33.83560181,25.86190033,3.791143894,5.717999935,SUR
2103,105,14,11.02260017,33.83560181,25.86510086,4.000215054,5.665999889,SUR
2103,105,16,11.02169991,33.83580017,25.86540031,3.639727116,5.662000179,SUR
2103,105,18,11.01980019,33.83589935,25.86590004,3.518397093,5.640999794,SUR
2103,105,20,11.01970005,33.83589935,25.86599922,3.3116889,5.642000198,SUR
2103,105,22,11.01840019,33.83599854,25.86630058,3.607786894,5.624000072,SUR
2103,105,24,11.01790047,33.83610153,25.86650085,3.475512981,5.610000134,SUR
2103,105,26,11.01710033,33.83610153,25.86669922,3.447403908,5.610000134,SUR
2103,105,28,11.01690006,33.83610153,25.86669922,3.244340897,5.603000164,SUR
2103,105,30,11.01539993,33.83620071,25.86720085,3.265178919,5.590000153,SUR
2103,105,32,11.01360035,33.83610153,25.86739922,3.16435504,5.580999851,SUR
2103,105,34,11.01369953,33.83610153,25.86750031,3.015932083,5.572000027,SUR
2103,105,36,11.01340008,33.83599854,25.86750031,3.1760149,5.56799984,SUR
2103,105,38,11.01329994,33.83589935,25.86750031,3.052974939,5.568999767,SUR
2103,105,40,11.01179981,33.83589935,25.86779976,3.004465103,5.556000233,SUR
2103,105,42,11.00839996,33.83570099,25.86829948,3.074775934,5.56099987,SUR
2103,105,44,11.00860023,33.83570099,25.86829948,2.948980093,5.558000088,SUR
2103,105,46,11.00450039,33.83509827,25.86860085,2.990859032,5.543000221,SUR
2103,105,48,10.99670029,33.83459854,25.86969948,2.792248011,5.518000126,SUR
2103,105,50,10.99059963,33.83420181,25.87050056,2.836931944,5.514999866,SUR
2103,105,52,10.98740005,33.83390045,25.8708992,2.646435022,5.486999989,SUR
2103,105,54,10.92490005,33.82979965,25.87879944,2.116029024,5.334000111,SUR
2103,105,56,10.86330032,33.82720184,25.88780022,1.884662032,5.222000122,SUR
2103,105,58,10.79399967,33.82410049,25.89769936,1.716912985,4.927000046,SUR
2103,105,60,10.52859974,33.81919861,25.94050026,1.138896942,4.717000008,SUR
2103,105,62,10.36489964,33.82089996,25.97019958,0.609953403,4.499000072,SUR
2103,105,64,10.20689964,33.82109833,25.99749947,0.434268087,4.231999874,SUR
2103,105,66,10.12150002,33.8227005,26.01329994,0.462027311,4.105999947,SUR
2103,105,68,10.04780006,33.82460022,26.02739906,0.437942892,3.967999935,SUR
2103,105,70,9.994999886,33.82780075,26.03879929,0.354364604,3.904000044,SUR
2103,105,72,9.963999748,33.82789993,26.0442009,0.30988121,3.8150000570000002,SUR
2103,105,74,9.92650032,33.83150101,26.05330086,0.3419379,3.757999897,SUR
2103,105,76,9.885199547,33.83430099,26.06240082,0.265565515,3.677000046,SUR
2103,105,78,9.862299919,33.83549881,26.0673008,0.199991196,3.618999958,SUR
2103,105,80,9.781700134,33.84519958,26.0883007,0.144445807,3.436000109,SUR
2103,105,82,9.659500122,33.85150146,26.11359978,0.072938092,3.178999901,SUR
2103,105,84,9.578100204,33.86249924,26.13559914,0.004571557,3.075999975,SUR
2103,105,86,9.562299728,33.86959839,26.14380074,0,3.036999941,SUR
2103,105,88,9.534000397,33.87680054,26.15410042,0,2.971999884,SUR
2103,105,90,9.520299911,33.8844986,26.16239929,0,2.960999966,SUR
2103,105,92,9.498200417,33.89929962,26.17760086,0.02077926,2.931999922,SUR
2103,105,94,9.443699837,33.90499878,26.19099998,0,2.785000086,SUR
2103,105,96,9.363900185,33.91389847,26.21100044,0,2.683000088,SUR
2103,105,98,9.326000214,33.92139816,26.22299957,0,2.634000063,SUR
2103,105,100,9.258399963,33.93690109,26.24600029,0,2.555000067,SUR
2103,105,102,9.209400177,33.95149994,26.26539993,0,2.532000065,SUR
2103,105,104,9.180199623,33.95830154,26.27549934,0,2.510999918,SUR
2103,105,106,9.142399788,33.96680069,26.28820038,0,2.479000092,SUR
2103,105,108,9.105400085,33.97309875,26.29910088,0,2.427999973,SUR
2103,105,110,9.056699753,33.98270035,26.31439972,0,2.388999939,SUR
2103,105,112,9.054499626,33.98630142,26.31760025,0,2.371999979,SUR
2103,105,114,9.037599564,33.98989868,26.32309914,0,2.3499999049999998,SUR
2103,104,4,10.89550018,33.82709885,25.88089943,2.584922075,5.5050001140000004,SUR
2103,104,6,10.86499977,33.82550049,25.88509941,3.081835985,5.495999813,SUR
2103,104,8,10.85809994,33.82490158,25.8859005,3.096273899,5.455999851,SUR
2103,104,10,10.47140026,33.84249878,25.96750069,2.907341003,4.769999981,SUR
2103,104,12,10.23209953,33.85900116,26.02169991,2.366470098,4.403999805,SUR
2103,104,14,9.975099564,33.88000107,26.08189964,1.361817002,4.043000221,SUR
2103,104,16,9.875800133,33.88439941,26.10199928,0.954706073,3.917999983,SUR
2103,104,18,9.848199844,33.88499832,26.10709953,1.048912048,3.865999937,SUR
2103,104,20,9.817000389,33.8832016,26.11109924,0.834560513,3.799999952,SUR
2103,104,22,9.770999908,33.88499832,26.12010002,0.795125723,3.729000092,SUR
2103,104,24,9.747300148,33.88819885,26.12660027,0.774441004,3.687999964,SUR
2103,104,26,9.680299759,33.89199829,26.14069939,0.670665503,3.5199999809999998,SUR
2103,104,28,9.572999954,33.90359879,26.16749954,0.470659912,3.380000114,SUR
2103,104,30,9.475399971,33.91989899,26.19630051,0.398251593,3.256999969,SUR
2103,104,32,9.463600159,33.92309952,26.20079994,0.275263011,3.243000031,SUR
2103,104,34,9.429400444,33.93090057,26.21249962,0.2437796,3.174000025,SUR
2103,104,36,9.315899849,33.95230103,26.24769974,0.189855993,3.006999969,SUR
2103,104,38,9.217499733,33.97629929,26.28240013,0.114203498,2.9349999429999998,SUR
2103,104,40,9.204000473,33.979599,26.28720093,0.131423905,2.926000118,SUR
2103,104,42,9.196000099,33.98130035,26.28989983,0.106960498,2.903000116,SUR
2103,104,44,9.171899796,33.98529816,26.2968998,0.087403268,2.865999937,SUR
2103,104,46,9.126399994,33.99209976,26.30949974,0.05208737,2.818000078,SUR
2103,104,48,9.08880043,33.99900055,26.32089996,0.026974419,2.828999996,SUR
2103,104,50,9.088999748,33.99990082,26.32169914,0.01739287,2.838000059,SUR
2103,104,52,9.088500023,34.00059891,26.32239914,0.004980039,2.842000008,SUR
2103,104,54,9.084699631,34.00220108,26.32419968,0.019526931,2.845000029,SUR
2103,104,56,9.075300217,34.00350189,26.32670021,0.034267571,2.811000109,SUR
2103,104,58,9.065199852,33.9992981,26.32509995,0.0155586,2.788000107,SUR
2103,104,60,9.056400299,34.00510025,26.33119965,0.006953534,2.756999969,SUR
2103,104,62,9.051199913,34.00490189,26.33180046,3.39e-5,2.737999916,SUR
2103,104,64,9.047100067,34.00510025,26.33259964,0.07809969,2.7249999049999998,SUR
2103,104,66,9.038200378,34.00659943,26.33530045,0.017963201,2.703999996,SUR
2103,104,68,9.030200005,34.0082016,26.33779907,0,2.696000099,SUR
2103,104,70,9.028100014,34.00880051,26.33869934,0,2.694000006,SUR
2103,104,72,9.021900177,34.00979996,26.34049988,0,2.6849999429999998,SUR
2103,104,74,9.012999535,34.01060104,26.34259987,0,2.664999962,SUR
2103,104,76,9.008000374,34.01100159,26.34370041,0,2.64199996,SUR
2103,104,78,8.96819973,34.01520157,26.35330009,0,2.561000109,SUR
2103,104,80,8.952400208,34.01660156,26.35700035,0,2.5599999429999998,SUR
2103,104,82,8.951899529,34.01679993,26.35720062,0,2.558000088,SUR
2103,104,84,8.953300476,34.01679993,26.35700035,0,2.553999901,SUR
2103,104,86,8.945899963,34.0177002,26.35899925,0,2.562999964,SUR
2103,104,88,8.944000244,34.01779938,26.3593998,0,2.565999985,SUR
2103,104,90,8.945300102,34.01810074,26.3593998,0,2.571000099,SUR
2103,104,92,8.944299698,34.01850128,26.36000061,0,2.559000015,SUR
2103,104,94,8.936200142,34.01900101,26.36160088,0,2.551000118,SUR
2103,104,96,8.935199738,34.01869965,26.36160088,0,2.5250000950000002,SUR
2103,104,98,8.93200016,34.01879883,26.36219978,0,2.512000084,SUR
2103,104,100,8.934700012,34.01879883,26.36179924,0,2.516000032,SUR
2103,104,102,8.93710041,34.0182991,26.36109924,0,2.516000032,SUR
2103,104,104,8.936100006,34.01860046,26.36149979,0,2.519000053,SUR
2103,104,106,8.933099747,34.01879883,26.36219978,0,2.503999949,SUR
2103,104,108,8.921500206,34.01990128,26.36490059,0,2.486999989,SUR
2103,104,110,8.915399551,34.02050018,26.36639977,0,2.476000071,SUR
2103,104,112,8.909199715,34.02109909,26.36779976,0,2.469000101,SUR
2103,104,114,8.909799576,34.02090073,26.36759949,0,2.464999914,SUR
2103,103,4,10.17329979,33.88880157,26.05489922,0.88586092,4.224999905,SUR
2103,103,6,10.02439976,33.90029907,26.08919907,1.048007011,4.054999828,SUR
2103,103,8,9.968099594,33.90599823,26.10330009,1.13428998,4.012000084,SUR
2103,103,10,9.945799828,33.9068985,26.107700349999998,1.299996972,3.989000082,SUR
2103,103,12,9.938599586,33.9070015,26.10910034,1.218477011,3.989000082,SUR
2103,103,14,9.936300278,33.90750122,26.10989952,1.221184015,3.99000001,SUR
2103,103,16,9.936300278,33.90750122,26.10989952,1.236736059,3.957000017,SUR
2103,103,18,9.876899719,33.91249847,26.12380028,1.233111024,3.861000061,SUR
2103,103,20,9.840999603,33.91600037,26.13260078,1.096719027,3.829999924,SUR
2103,103,22,9.814599991,33.91899872,26.13940048,1.001489043,3.765000105,SUR
2103,103,24,9.761699677,33.9253006,26.15320015,0.905902386,3.7300000190000002,SUR
2103,103,26,9.742600441,33.92760086,26.15819931,0.910658777,3.6849999429999998,SUR
2103,103,28,9.694999695,33.93389893,26.17110062,0.878801405,3.644000053,SUR
2103,103,30,9.68200016,33.93650055,26.1753006,0.777349412,3.641000032,SUR
2103,103,32,9.671899796,33.93899918,26.17889977,0.828623474,3.630000114,SUR
2103,103,34,9.631299973,33.94440079,26.18989944,0.746695578,3.602999926,SUR
2103,103,36,9.61400032,33.94670105,26.19470024,0.653027892,3.585000038,SUR
2103,103,38,9.612199783,33.94670105,26.19490051,0.772274375,3.5650000570000002,SUR
2103,103,40,9.595000267,33.94929886,26.19989967,0.666440904,3.555000067,SUR
2103,103,42,9.554900169,33.95270157,26.20919991,0.66567111,3.496000051,SUR
2103,103,44,9.477899551,33.96049881,26.22789955,0.570447206,3.448999882,SUR
2103,103,46,9.443300247,33.96469879,26.23679924,0.496151507,3.427000046,SUR
2103,103,48,9.415499687,33.96789932,26.24399948,0.409129411,3.36500001,SUR
2103,103,50,9.335900307,33.9762001,26.26339912,0.402605087,3.3150000570000002,SUR
2103,103,52,9.324000359,33.97909927,26.26759911,0.339747787,3.282999992,SUR
2103,103,54,9.288299561,33.98059845,26.27470016,0.309964806,3.226999998,SUR
2103,103,56,9.266400337,33.98210144,26.27939987,0.288018495,3.148999929,SUR
2103,103,58,9.182700157,33.99200058,26.30060005,0.09275391,2.987999916,SUR
2103,103,60,9.128299713,33.99580002,26.31240082,0.074977137,2.818000078,SUR
2103,103,62,9.047200203,34.00559998,26.33300018,0.046656881,2.719000101,SUR
2103,103,64,9.038900375,34.00650024,26.33510017,0,2.697999954,SUR
2103,103,66,9.02519989,34.01050186,26.3404007,0,2.691999912,SUR
2103,103,68,9.017399788,34.01259995,26.34339905,0,2.688999891,SUR
2103,103,70,9.013199806,34.0141983,26.34530067,0,2.686000109,SUR
2103,103,72,9.011500359,34.01459885,26.34589958,0,2.683000088,SUR
2103,103,74,9.012000084,34.01449966,26.3458004,0,2.683000088,SUR
2103,103,76,9.007699966,34.01570129,26.34740067,0,2.677999973,SUR
2103,103,78,9.005399704,34.01580048,26.34790039,0,2.678999901,SUR
2103,103,80,9.004199982,34.01649857,26.34869957,0,2.684000015,SUR
2103,103,82,9.00249958,34.01739883,26.34970093,0,2.687000036,SUR
2103,103,84,9.003399849,34.01720047,26.34939957,0,2.681999922,SUR
2103,103,86,9.002900124,34.01739883,26.34970093,0,2.6849999429999998,SUR
2103,103,88,9.000800133,34.01729965,26.35000038,0,2.684000015,SUR
2103,103,90,9.008700371,34.01470184,26.34670067,0,2.671999931,SUR
2103,101,4,9.766599655,33.96469879,26.18280029,0.444853991,3.65899992,SUR
2103,101,6,9.76570034,33.96429825,26.18260002,0.390700102,3.671999931,SUR
2103,101,8,9.758600235,33.96409988,26.18370056,0.376094788,3.665999889,SUR
2103,101,10,9.755900383,33.96390152,26.18400002,0.335437506,3.648999929,SUR
2103,101,12,9.727000237,33.9632988,26.18840027,0.324998111,3.611999989,SUR
2103,101,14,9.700699806,33.96279907,26.19249916,0.301718801,3.6050000190000002,SUR
2103,101,16,9.680700302,33.96260071,26.19560051,0.303513914,3.588999987,SUR
2103,101,18,9.639900208,33.96170044,26.20170021,0.283073187,3.578999996,SUR
2103,101,20,9.581899643,33.96149826,26.21120071,0.297250599,3.569000006,SUR
2103,101,22,9.562399864,33.96099854,26.2140007,0.28303799,3.594000101,SUR
2103,101,24,9.549200058,33.96060181,26.21590042,0.291397095,3.605999947,SUR
2103,101,26,9.533399582,33.96060181,26.21859932,0.299975097,3.594000101,SUR
2103,101,28,9.516300201,33.95959854,26.22060013,0.319326609,3.571000099,SUR
2103,101,30,9.483599663,33.96009827,26.22640038,0.321056306,3.526000023,SUR
2103,101,32,9.477600098,33.96030045,26.2276001,0.319593012,3.515000105,SUR
2103,101,34,9.475000381,33.96070099,26.22830009,0.302631497,3.506000042,SUR
2103,101,36,9.470700264,33.96070099,26.22909927,0.299152315,3.487999916,SUR
2103,101,38,9.471300125,33.96070099,26.22900009,0.264008313,3.48300004,SUR
2103,101,40,9.471899986,33.96080017,26.22900009,0.265942514,3.49000001,SUR
2103,101,42,9.471500397,33.96089935,26.22920036,0.240714699,3.4749999049999998,SUR
2103,101,44,9.471500397,33.96080017,26.22920036,0.257080108,3.463999987,SUR
2103,101,46,9.4666996,33.96120071,26.2303009,0.2278786,3.437000036,SUR
2103,101,48,9.434700012,33.96170044,26.23600006,0.201237097,3.369999886,SUR
2103,101,50,9.401100159,33.96060181,26.24060059,0.171019197,3.272000074,SUR
2103,101,52,9.273200035,33.96630096,26.26580048,0.124976702,3.005000114,SUR
2103,101,54,9.147199631,33.9817009,26.29820061,0.01494111,2.678999901,SUR
2103,101,56,8.988200188,34.00320053,26.3404007,0,2.372999907,SUR
2103,101,58,8.938099861,34.01250076,26.35560036,0,2.267999887,SUR
2103,101,60,8.919300079,34.01570129,26.36109924,0,2.23300004,SUR
2103,101,62,8.885499954,34.02170181,26.37120056,0,2.193000078,SUR
2103,101,64,8.874099731,34.02410126,26.37490082,0,2.187999964,SUR
2103,101,66,8.875200272,34.02389908,26.37459946,0,2.188999891,SUR
